{"health":10,"score":2,"position":{"x":16.974950790405275,"y":1.0799999237060547,"z":-5.7860941886901859},"respawnPoint":{"x":1.9270000457763672,"y":1.2699999809265137,"z":-2.7090001106262209},"activeWeaponName":"shotgun","collectedWeapons":["Player","Player","Handgun","shotgun","flashlight","kombat knife","fireaxe"]}